Название;Адрес;Телефон;Часы работы;Сайт
Арк Сервис;Азовская ул., 28Б, стр. 4, Москва;+7 (495) 720-35-13, +7 (903) 720-35-13;ежедневно, 10:00–21:00;https://ark-servis.clients.site/
БизнесБас Сервис;Путевой пр., 15;+7 (495) 661-30-40, +7 (495) 661-30-40;ежедневно, 09:00-21:00;https://bbus-service.ru/
Киа Ремонт Лидер;Можайское ш., 159 к 9, Москва, Россия, 121374;+7 (495) 649-82-18;"вс 10:00-18:00; пн-сб 10:00-20:00";https://kia.remont-lider.ru/
Автопилот;ул. Речников, 19, Москва;+7 (495) 120-20-45;ежедневно, 08:00–21:00;https://честный-автосервис.рф/
Мос-олимп;Ташкентская ул., 28, стр. 1, Москва;+7 (495) 514-38-22;ежедневно, 09:00–20:00;https://olimp-avto.obiz.ru/
Европа-Авто;6-я Радиальная ул., 30, стр. 22, Москва;8 (800) 550-70-64;"пн-пт 10:00–20:00; сб,вс 10:00–18:00";https://autorazborka.shop/
РусКомАвто;ул. Подольских Курсантов, 32, Москва;+7 (901) 417-28-18, +7 (968) 320-15-97, +7 (903) 242-13-42, +7 (966) 030-25-30;пн-пт 09:00–18:00;https://rka.su/
Дизель-форс;Волгоградский просп., 128, корп. 5;+7 (499) 322-91-11, +7 (7172) 78-81-60;пн-пт 09:00–18:00;http://dieselfors.ru/
A1 моторс drive;1-я Дубровская ул., 13А, стр. 4, Москва;+7 (925) 001-08-57, +7 (495) 120-15-38, +7 (499) 110-42-89, +7 (499) 110-42-87;ежедневно, 09:00–21:00;http://a1-motors.ru/
ZFcenter;Алтуфьевское ш., 31, стр. 1, Москва;+7 (926) 209-26-79, +7 (495) 664-41-00;"пн-пт 09:30–18:30; сб 10:00–16:00";http://zfcenter.ru/
Crystal City;Пресненская наб., 8, стр. 1;+7 (495) 644-29-29, +7 (916) 648-80-88;ежедневно, 08:00–22:00;https://crystalcity.ru/
КарС;Алтуфьевское ш., д31 стр1, Москва;+7 (993) 343-55-33, +7 (993) 342-55-33;ежедневно, 09:00-21:00;https://carservice-otradnoe.ru/
Автопилот;Смирновская ул., 2, стр. 1;+7 (495) 120-20-45;ежедневно, 08:00–21:00;https://честный-автосервис.рф/
Форд Транзит Сервис;Рязанский просп., 4, стр. 1, Москва;+7 (905) 767-77-11, +7 (905) 769-77-11;пн-пт 09:00–19:00;https://fordtransit1.ru/
Автодом Сервис Варшавка;Варшавское ш., 91А, Москва;+7 (495) 281-42-14;ежедневно, 09:00–21:00;https://avtodom.ru/actions/servisnoe-obsluzhivanie-avtomobilej-skoda-volkswagen-seat-porsche-v-avtodom-varshavka-i-avtodom-vosto
Н-Джин;Каширское шоссе, 23-й километр, 1, стр. 1, посёлок Совхоза имени Ленина;+7 (495) 118-91-49, +7 (925) 397-00-27;ежедневно, 09:00-21:00;http://n-gin.ru/
Автопилот;1-й пр. Перова Поля, 3, стр. 14;+7 (495) 120-20-45;ежедневно, 08:00–21:00;https://честный-автосервис.рф/
Mirax Detailing Center;Маломосковская ул., 22, стр. 11;+7 (495) 877-37-22;ежедневно, 10:00–20:00;http://www.centermirax.ru/
ГрандАвтоСервис;2-й Кожевнический пер., 12, стр. 10, Москва;+7 (919) 993-25-82;ежедневно, круглосуточно;https://grandavtoservis-2-y-kozhevnicheskiy-pereulok.clients.site/
ИП Ковалев Юрий Вячеславович;Малая Филёвская ул., 18к3, Москва;+7 (925) 168-46-13;ежедневно, круглосуточно;https://msk.spravker.ru/avtootopiteli/spektr-avto-5.htm
Богатырь-Сервис;бул. Генерала Карбышева, 8, стр. 4, Москва;+7 (915) 243-25-57;ежедневно, круглосуточно;https://bogatyr-servis-bulvar-generala-karbysheva.clients.site/
ColdCars;2-й Иртышский пр-д, 6 стр.9, Москва;+7 (495) 789-18-80, +7 (903) 589-18-80;"пн-пт 09:00-19:00; сб, вс 10:00-16:00";https://cold-cars.ru/
Механик;Сигнальный пр-д, 20 строение 3, Москва;+7 (926) 498-82-97, +7 (926) 498-83-01;ежедневно, 10:00-21:00;https://mechanic0077.ru/
Кутузовв;Краснобогатырская ул., 89, стр. 1;+7 (993) 894-80-55, +7 (499) 302-00-57;ежедневно, 09:00–21:00;https://kutuzovv.ru/
Рр-мастер;ул. Свободы, 35, стр. 17, Москва;+7 (916) 595-40-40, +7 (916) 596-40-40;ежедневно, 10:00–21:00;https://rr-master.ru/
Альфа-флит;3-й Нижнелихоборский пр., 1А, Москва;+7 (903) 722-70-08, +7 (495) 722-70-08, +7 (903) 292-01-38;ежедневно, 09:00–19:00;http://www.alfa-servis.com/
Доктор Джип;ш. Энтузиастов, 2, стр. 38А, Москва;+7 (925) 772-33-41, +7 (495) 772-33-41;вт-вс 10:00–20:00;https://www.drjeep.ru/
Ив-Авто;Варшавское ш., 94, Москва;+7 (926) 400-73-00;"пн-пт 10:00–22:00; сб,вс 10:00–21:00";
ПТЦ КомТранс Юг;Дорожная ул., 3, корп. 20, Москва;+7 (495) 775-34-60, +7 (495) 125-02-41;ежедневно, 09:00–21:00;https://ctug.ru/
Бенсер;Новомосковская ул., 1Ж;+7 (499) 490-57-52, +7 (925) 458-25-86;"пн-пт 12:00–20:00; сб,вс 12:00–18:00";https://benser.ru/
NNService;Полярная ул., 31В, стр. 11;+7 (495) 220-35-18, +7 (999) 979-95-38, +7 (985) 220-35-18;пн-сб 10:00–20:00;http://www.nissansto.ru/
АVS-Сервис;Люблинская ул., 82, стр. 1, Москва;+7 (495) 799-59-59, +7 (901) 259-45-32;ежедневно, 09:00–21:00;https://avs.moscow/
Fps Service;2-й Хорошёвский пр., 7, стр. 20;+7 (965) 435-95-95;пн-сб 10:00–22:00;https://fps-service.ru/
Мосавторемонт;Графский пер., 14Б, Москва;+7 (495) 768-71-11, +7 (917) 516-67-77;ежедневно, 09:00–20:00;https://mosavtoremont.ru/
Лр-вест;Рябиновая ул., 28А, стр. 2, Москва;+7 (495) 374-50-67;ежедневно, 09:00–21:00;https://lr-west.ru/
Автосервис33;Варшавское ш., 33, Москва;+7 (495) 295-17-05, +7 (926) 512-68-22;пн-сб 10:00–20:50;https://33service.ru/
Интер-авто;Молодогвардейская ул., 61, стр. 4, Москва;+7 (495) 775-12-77;ежедневно, 09:00–21:00;http://autocenter.moscow/
Спецавтобаза № 1;3-й Угрешский пр., 6, стр. 1, Москва;+7 (499) 702-00-94, +7 (495) 644-49-30, +7 (495) 644-49-35, +7 (495) 156-15-96;пн-пт 09:00–18:00;https://sab1.ru/
АвтоСТАР;ул. Прянишникова, 19А, стр. 2, Москва;+7 (495) 118-22-03;ежедневно, 10:00–20:00;https://avtostar.ru/
РМ-Моторс;Ферганская ул., 6, корп. 2;+7 (903) 539-82-17, +7 (999) 859-34-79, +7 (499) 608-88-48;пн-сб 11:00–21:00;https://rm-motors.clients.site/
АКПП-Центр;1-я ул. Измайловского Зверинца, 8, Москва;+7 (499) 113-38-36;ежедневно, 09:00–21:00;https://akppcenter.com/
АвтоПлюс;Верейская ул., 29, стр. 2, Москва;+7 (901) 519-68-90, +7 (926) 456-60-10, +7 (495) 979-68-90;ежедневно, 10:00–19:00;http://gosttonirovka.ru/
77сто;Рябиновая ул., 28А, стр. 12, Москва;+7 (495) 146-93-78, +7 (901) 519-77-07;ежедневно, 09:00–19:00;https://77sto.ru/
Remont-MKPP.ru;Ильменский пр., 9, стр. 2, Москва;+7 (495) 979-10-47, +7 (909) 624-64-64;ежедневно, 09:00–21:00;https://www.remont-mkpp.ru/
Эйджиси Моторс;Новоостаповская ул., 6А, стр. 4, Москва;+7 (495) 414-46-28;пн-пт 09:00–19:00;http://ajc-motors.ru/
SsangYong Garage;Воробьёвское ш., 2, Москва, Россия, 119136;+7 (499) 707-20-77, +7 (903) 610-66-75;вт-сб 10:00-19:00;https://ssangyong-garage.ru/
Амазон-АС;Боровское ш., 13, Москва;+7 (901) 516-39-94, +7 (977) 808-22-62, +7 (999) 869-54-00, +7 (495) 972-42-22;"пн-пт 10:00–20:00; сб 11:00–18:00";https://volvo-saab.ru/
Диджитроник;Ильменский пр., 9, стр. 1, Москва;+7 (495) 255-27-23, 8 (800) 775-25-23;"пн-чт 08:30–17:00; пт 08:30–15:00";http://www.digitronicgas.ru/
Мобискар;ул. Вавилова, 13А, Москва;+7 (495) 189-66-79;вт-сб 09:00–18:00;https://mobiscar.ru/
АБС Маркет;Ясеневая ул., вл14с6, Москва;+7 (495) 221-22-92, +7 (495) 399-44-00;ежедневно, 09:00–20:00;https://abs-market.ru/
Комдоравто;Автомобильный пр., вл1с9, торгово-промышленная зона Алтуфьево, посёлок Вешки;+7 (499) 648-20-00;ежедневно, 10:00–18:00;https://komdorauto.ru/
Автопилот;Старопетровский пр., 9А, Москва;+7 (495) 120-20-45;ежедневно, 08:00–21:00;https://честный-автосервис.рф/
Автосервис8;ул. Бирюсинка, 1/18с29, Москва;+7 (968) 486-16-27;пн-пт 10:00–20:00;https://avtoservis8.ru/
Исузу-клуб;ул. Адмирала Лазарева, 34, Москва;+7 (968) 913-04-81, +7 (905) 542-96-96;пн-сб 09:00–19:00;https://isuzu-club.net/
АмдЗап;ул. Красного Маяка, 16, Москва;+7 (495) 127-61-18;ежедневно, 09:00–20:00;https://amdzap.ru/
Apex.ru;Алтуфьевское ш., 28;8 (800) 555-79-68, 8 (800) 775-89-89, +7 (925) 091-34-84, +7 (499) 455-01-58;ежедневно, 09:00–21:00;http://apex.ru/
Автотехцентр;Севастопольский просп., 95Б, стр. 1, Москва;+7 (495) 150-99-73;ежедневно, 08:00–22:00;https://remont-vnedorozhnikov.ru/
АнтАвто;Дубнинская ул., 83А, Москва;+7 (495) 233-14-99, +7 (925) 005-05-08;"пн-пт 10:00–21:00; сб,вс 11:00–19:00";http://www.autoant.ru/
Carlife сервис;ул. Мнёвники, 1, стр. 5;+7 (968) 198-83-22, 8 (800) 201-15-45;ежедневно, 09:00–21:00;http://carlifes.ru/
МастерТурбо;Автомоторная ул., 1/3, Москва;+7 (495) 660-85-76, 8 (800) 707-06-42;"пн-пт 09:00–19:00; сб 10:00–14:00";https://msk.turbolider.ru/
LRstyle;Рябиновая ул., 34А, стр. 6, Москва;+7 (925) 507-69-73, +7 (925) 507-71-08;ежедневно, 09:00–21:00;https://lrstyle-auto.ru/
ДЖоуль;Кавказский б-р, 59 строение 4, Москва, Россия, 115516;+7 (926) 382-61-79;ежедневно, 09:00-21:00;https://dzhoul-kavkazskij-bulvar.clients.site/
Чекавто;ул. Поляны, 6, Москва;+7 (926) 327-00-07, +7 (903) 968-47-31, +7 (495) 711-02-35;ежедневно, 09:00–20:00;http://check-auto.ru/
Разборка-Москва;Каширское ш., 45, стр. 3;+7 (903) 733-62-05, +7 (963) 993-22-24;пн-сб 10:00–19:00;http://www.razborka-moskva.ru/
Бисмарк-Авто;просп. Мира, 186А, стр. 20, Москва;+7 (499) 394-51-05, +7 (926) 271-08-30;ежедневно, 11:00–21:00;https://www.bismarkauto.ru/
Авто Запад Моторс;ул. Мичуринский Проспект, Олимпийская Деревня, 4, корп. 32, Москва;+7 (499) 340-05-25, +7 (916) 230-66-76, +7 (985) 420-86-58;"пн-пт 10:00–20:00; сб 10:00–16:00";https://azmservice.ru/
Автодом Ауди Алтуфьево;МКАД, 85-й километр, вл5с1, торгово-промышленная зона Алтуфьево, посёлок Вешки;+7 (495) 126-37-46;ежедневно, 08:00–21:00;https://avtodom.ru/
АвтоСпецЦентр центральный офис;Михайловский пр., 3, стр. 3, Москва;+7 (495) 785-55-05, +7 (495) 172-75-84;ежедневно, 09:00–21:00;http://www.ascgroup.ru/
Авто Стайл;Рябиновая ул., 9, стр. 2, Москва;+7 (915) 006-71-76, +7 (926) 077-21-01;ежедневно, 10:00–22:00;http://autostyle-mos.ru/
Шикана;Хлебозаводский пр., 7А, Москва;+7 (915) 238-53-76;ежедневно, 09:00–21:00;https://shikana.pro/
Мазда-СТО;ул. Василия Петушкова, 3, корп. 3, стр. 18, Москва;+7 (499) 372-18-20;"пн-пт 10:00–21:00; сб,вс 10:00–20:00";https://mz-sto.ru/
Никрасофф;Куликовская ул., 12, Москва;+7 (495) 778-46-57, +7 (919) 410-70-01, +7 (916) 588-29-57, +7 (985) 485-78-86;ежедневно, 10:00–20:00;http://nickrasoff.ru/
Jac Автопрестус;Беломорская ул., 40, стр. 17, Москва;+7 (495) 153-13-04;ежедневно, 09:00–21:00;https://jac-autoprestus.ru/
Ftmservice;Варшавское ш., 170Г;+7 (925) 832-62-12, +7 (499) 391-12-55;ежедневно, 09:00–21:00;https://ftmservice.net/
1avto-s;Дубнинская ул., 75, стр. 15, Москва;+7 (926) 696-49-44;пн-сб 10:00–20:00;http://1avto-s.ru/
РеноДот;Советская ул., 80, стр. 9, Москва;+7 (903) 668-34-34, +7 (495) 968-34-34, +7 (903) 968-34-34;ежедневно, 10:00–21:00;http://www.renodot.ru/
Восстановление грузовых шин;д. Бутурлино, территория Квартал А, с1;+7 (901) 598-75-01;пн-пт 08:00–17:00;https://vosstanovlenie-gruzovih-shin.ru/
DIVmotors;ул. Капотня, вл1с1, Москва;+7 (916) 660-77-22, +7 (926) 542-09-16;ежедневно, 10:00–20:00;http://www.divmotors77.ru/
АвтоМастер 777;Чагинская ул., 4, стр. 2, Москва;+7 (495) 139-93-66, +7 (925) 404-88-85, +7 (495) 585-49-15;ежедневно, 09:00–21:00;http://www.av-master.ru/
Вилгуд;4-й Рощинский пр., 20, стр. 11;+7 (495) 021-29-24;ежедневно, 09:00–21:00;https://wilgood.ru/
Шино-Бокс;2-й Хорошёвский пр., 7, стр. 1Б;+7 (495) 414-34-66;ежедневно, 09:00–21:00;https://taplink.cc/shinoboxru
BlackTyres;Ташкентская ул., 28, стр. 1, Москва;+7 (495) 215-20-68, +7 (499) 444-54-18;ежедневно, 09:00–21:00;https://blacktyres.ru/
Car-Servise;просп. Вернадского, 9/10, Москва;+7 (915) 417-81-48;ежедневно, круглосуточно;https://car-servise.clients.site/
МастерСколов;Южнопортовая ул., 22, стр. 1;+7 (495) 323-92-03, +7 (901) 748-35-05;"пн-пт 10:00–20:00; сб,вс 10:00–18:00";https://masterskolov.ru/
Мм-Авто;Промышленная ул., 10, Москва;+7 (495) 796-02-31, +7 (964) 719-54-57, +7 (905) 531-21-00;ежедневно, 09:00–21:00;http://www.mmavto.com/
АКПП сервис Kick-down;Верхний Предтеченский пер., 11, стр. 2, Москва;+7 (499) 350-96-86;;https://акпп-сервис.москва/
Pragmatisch service;Дубнинская ул., 79, стр. 9, Москва;+7 (495) 260-97-80;ежедневно, 09:00–21:00;http://pragmatservice.ru/
Авторитет;Дубнинская ул., 83, Москва;+7 (499) 755-52-45;;http://autoritet.club/
Шины-33;ул. Буракова, 27, стр. 3, Москва;+7 (499) 490-04-81, +7 (495) 223-38-43;ежедневно, 08:00–21:00;https://www.shina-33.ru/shosse-entuziastov.html
АКПП Таганка;Электролитный пр., 3А, стр. 5, Москва;+7 (926) 157-62-41, +7 (901) 529-44-73, +7 (495) 760-11-91, +7 (985) 226-59-86;пн-пт 10:00–20:00;http://akpp-svs.ru/
Pandora Престиж-Авто;Полковая ул., 14, корп. 1;+7 (495) 984-87-08, +7 (495) 411-28-88;ежедневно, 09:00–21:00;https://www.prestige-auto-studio.ru/
Токио Сервис;Лобненская ул., 17, стр. 2, Москва;+7 (499) 455-18-21;ежедневно, 08:00–22:00;https://www.tokyogarage.ru/
Автосервис М1;Маломосковская ул., 22, стр. 2, Москва;+7 (499) 653-98-07, +7 (985) 165-17-24;"пн-пт 09:00–20:00; сб,вс 09:00–19:00";http://www.remontavtomos.ru/
Суперфорд;Лианозовский пр., 8, стр. 2, Москва;+7 (495) 504-36-49;пн-сб 10:00–19:00;https://superford.ru/
Apex.ru;ул. Народного Ополчения, 21, корп. 1;8 (800) 555-79-68, 8 (800) 775-89-89, +7 (999) 599-20-22, +7 (499) 444-03-69;ежедневно, 08:00–22:00;https://apexru-ulitsa-narodnogo-opolchenija.clients.site/
ПоломокНет;Потешная ул., 6/2с18, Москва;+7 (495) 966-12-41, +7 (968) 674-40-25;"пн-пт 09:00–21:00; сб,вс 09:00–19:00";http://polomoknet.ru/
Р-Сервис77;ул. Генерала Дорохова, 10Д, стр. 1;+7 (495) 784-92-72, +7 (916) 484-76-68, +7 (495) 295-70-00;ежедневно, 10:00–21:00;http://r-service77.ru/
Trade-In Кунцево;Московская ул., 61, село Немчиновка;+7 (499) 229-21-89;ежедневно, 08:30–21:00;https://tradein-kuntsevo.ru/
ZapMap;Сигнальный пр., 17А;+7 (926) 578-62-11, +7 (499) 638-25-25;ежедневно, 10:00–20:00;https://zapmap77.ru/
Автоподбор МСК;Щёлковское ш., 100, Москва;+7 (926) 894-03-94;пн-пт 09:00–21:00;https://avtopodbormsk.ru/
Omoda Автопрестус;Беломорская ул., 40, стр. 17;+7 (495) 777-89-97;ежедневно, 09:00–21:00;https://autoprestus.ru/
Автокомплекс Потапов С. В.;Поклонная ул., 11, стр. 1А, Москва;+7 (968) 749-35-53, +7 (985) 930-22-01;пн-пт 10:00–19:00;https://potap0v.ru/
Автопилот;Митинская ул., 15, Москва;+7 (495) 120-20-45;ежедневно, 09:00–21:00;
Эра ремонт глушителей;Авиамоторная ул., 67/8с8, Москва;+7 (925) 664-57-76;ежедневно, 09:00–21:00;http://www.vixlop.ru/
Зу 911;Ленинградское ш., 240, Москва;+7 (495) 727-76-07, +7 (985) 727-76-07, +7 (969) 000-03-09;ежедневно, 10:00–21:00;https://zuavtoservis.com/
ИП Шелаев Илья Николаевич;ул. Гришина, 16, Москва;+7 (919) 997-09-54;ежедневно, круглосуточно;
Клюев Валерий Александрович;улица Рогова, 5Ас30-31, Москва;+7 (915) 243-20-61;ежедневно, круглосуточно;
ИП Степанов Георгий Борисович;Конный пер., 4, Москва;+7 (919) 969-19-35;ежедневно, круглосуточно;
Мастерская SAAB;Варшавское ш., 25А, стр. 15, Москва;+7 (495) 921-52-12, +7 (985) 921-52-12, +7 (916) 552-93-30;пн-сб 10:00–20:00;http://saabservice.club/
МобильШинка;Ткацкая ул., 1Б;+7 (917) 591-62-06, +7 (999) 095-20-09;ежедневно, круглосуточно;http://kolesomosmaster.ru/
Лондон-Авто Ярославка;ул. Вешних Вод, 4, стр. 140, Москва;+7 (925) 141-13-99;ежедневно, 10:00–21:00;https://london-auto.ru/
Today Сервис;Кавказский бул., 26А, Москва;+7 (965) 390-52-28;"пн-ср 09:00–21:00; чт,сб,вс 10:00–18:00";https://today-serves.clients.site/
Seres Aito, Панавто Запад;Торговая ул., 4, стр. 1, рабочий посёлок Заречье;+7 (495) 445-09-23;ежедневно, 09:00–22:00;https://aito-panavto.ru/
АТФ Ресурс;Электролитный пр., 3А, стр. 5, Москва;+7 (977) 404-38-38;ежедневно, 10:00–20:00;http://atfr.ru/
Автотехцентр БСК;Ореховый пр., 26, стр. 1, Москва;+7 (933) 111-25-25, +7 (916) 300-02-13;ежедневно, 10:00–20:00;http://www.b-sk.ru/
ИП Котов Александр Михайлович;Береговой пр., 7, корп. 1, Москва;+7 (985) 314-75-81;ежедневно, круглосуточно;
Панавто Запад, официальный дилер Voyah;Торговая ул., 4, стр. 1, рабочий посёлок Заречье;+7 (495) 186-35-79;ежедневно, 09:00–22:00;https://voyah-panavto.ru/
Ремонт стартеров и генераторов;ул. Нижние Поля, 29, стр. 1, Москва;+7 (925) 555-01-10, +7 (926) 456-96-45;ср-вс 10:00–18:00;https://starterlublino.ru/
Vernum Auto;Лианозовский пр., 14, стр. 1, Москва;+7 (499) 648-95-62;ежедневно, 09:00–21:00;https://promo.vernum-auto.ru/lian
Автомойка;просп. Андропова, 9А, Москва;+7 (968) 808-54-09;ежедневно, 09:00–23:00;https://avtomojka-prospekt-andropova.clients.site/
Автопилот;Бесединское ш., 9, Москва;+7 (495) 120-20-45;ежедневно, 08:00–21:00;
Авто Проф центр;ул. Аносова, 1, стр. 2;+7 (926) 639-78-07;ежедневно, круглосуточно;https://avto-prof-centr-ulica-anosova.clients.site/
Лондон-Авто Юг;Автозаводская ул., 20, стр. 8, Москва;+7 (968) 373-70-37, +7 (968) 803-70-37;ежедневно, 10:00–21:00;https://london-auto.ru/
Техцентр Autopsa;Южнопортовая ул., 15, стр. 4А, Москва;+7 (495) 220-44-32, +7 (915) 496-55-55;ежедневно, 10:00–20:00;https://www.autopsa.ru/
Hongqi, Панавто Запад;Торговая ул., 4, стр. 1, рабочий посёлок Заречье;+7 (495) 121-47-76;ежедневно, 09:00–22:00;https://hongqi-panavto.ru/
London-Auto Север;Дмитровское ш., 9, стр. 4, Москва;+7 (985) 454-50-07, +7 (915) 156-37-37;ежедневно, 10:00–21:00;https://london-auto.ru/
АвтоМакс;Сказочная ул., 7, д. Нижнее Мячково;+7 (495) 649-50-75, +7 (495) 797-00-40, +7 (926) 504-01-44;ежедневно, 09:00–19:00;http://avtomakservice.ru/
Omoda Бизнес Кар Каширский;МКАД, 26-й километр, 5, стр. 1, Москва;+7 (495) 463-25-41;ежедневно, 08:00–21:00;https://omoda-bc.ru/
Auto-Rad;Новохохловская ул., 11, стр. 2;+7 (495) 504-08-46;ежедневно, 09:00–21:00;https://infoautoinfo.ru/
Опен Дизель;Симферопольское ш., 3Б, Москва;+7 (916) 916-66-19, +7 (995) 301-01-41;пн-сб 10:00–19:00;https://open-diesel.com/
Gpc. auto;Павелецкая наб., 2, стр. 2, Москва;+7 (926) 762-28-76;вт-сб 10:00–20:00;https://gpc-auto.clients.site/
Автодом центр Кузовного Ремонта Алтуфьево;МКАД, 85-й километр, вл5с1, торгово-промышленная зона Алтуфьево, посёлок Вешки;+7 (495) 154-82-66, +7 (495) 500-50-00;ежедневно, 09:00–21:00;https://avtodom.ru/sl/p2aaaeo
Техцентр Планета Железяка;МКАД, 86-й километр, вл13с2, Москва;+7 (495) 955-79-88, +7 (495) 955-79-88;ежедневно, 09:00–21:00;https://mkadservis.ru/
ИП Сиволоб Сергей Александрович;Ярцевская ул., 34, стр. 1, Москва;+7 (915) 105-72-52;ежедневно, круглосуточно;
ИП Гурия Александр Владимирович;Красноармейская ул., 2А, стр. 4, Москва;+7 (916) 165-74-91;ежедневно, круглосуточно;
Автодом Porsche центр Ленинский;Ленинский просп., 107, Москва;+7 (495) 172-79-16, +7 (495) 500-50-00, +7 (495) 788-19-11;ежедневно, 09:00–21:00;https://porsche-avtodom.ru/
Карсити Маркет;ул. Генерала Белобородова, 38, Москва;+7 (915) 360-60-60, +7 (915) 361-61-61, 8 (800) 511-73-31;"пн-сб 10:00–20:00; вс 10:00–19:00";http://carcity.market/
Абска;Жуков пр., 19, Москва;+7 (495) 151-15-03, +7 (495) 545-45-79;пн-сб 10:00–20:00;https://sto.abska.su/
AutoBarService;Кетчерская ул., 13, Москва;+7 (916) 370-77-22;ежедневно, 09:00–21:00;https://autobarservice.clients.site/
Hongqi, Панавто Сити;1-й Магистральный тупик, вл9, Москва;+7 (495) 121-47-76;ежедневно, 09:00–22:00;https://hongqi-panavto.ru/
Toyota и Lexus Бизнес Кар Рублевский;Рублёвское ш., 74;+7 (495) 846-10-31;ежедневно, 08:00–21:00;http://toyota-rublevsky.ru/
Магавто;Каширское ш., 5, корп. 1, Москва;+7 (915) 000-10-07;ежедневно, 10:00–20:00;http://mag-oil.ru/
Srt Team;д. Язово, 42, корп. 2;+7 (916) 723-34-03, +7 (926) 796-97-26;пн-пт 10:00–19:00;http://srtteam.ru/
Шинсервис;ул. Садовники, 11А, стр. 1А, Москва;+7 (495) 152-73-42;"пн-пт 09:00–21:00; сб,вс 09:00–20:00";https://www.shinservice.ru/
Форсунка МСК;Краснобогатырская ул., 2, стр. 26, Москва;+7 (495) 373-92-54;ежедневно, 09:00–21:00;https://forsunki.snetkoff.ru/
Шиномонтаж Свиблово;Уржумская ул., 4, корп. 1, Москва;+7 (926) 621-32-30, +7 (991) 242-69-39;ежедневно, 08:00–23:00;https://shinomontazhsviblovo.moscow/
Автодом Кутузовский;Кутузовский просп., 12А, Москва;+7 (495) 172-38-44;ежедневно, 11:00–22:00;https://avtodom.ru/
Премио;Перовская ул., 68Б, Москва;+7 (926) 216-34-29, +7 (495) 301-30-12, +7 (495) 301-53-61;ежедневно, 09:00–21:00;http://avtomar.ru/
Бэст-Авто Инжиниринг;ул. Покровка, 50/2с5, Москва;+7 (916) 491-03-85;ежедневно, круглосуточно;https://best-avto-inzhiniring-ulica-pokrovka.clients.site/
Garage +;Поклонная ул., 11, стр. 1А;+7 (495) 221-84-80, +7 (965) 390-27-73;"пн-пт 11:30–20:30; сб 11:30–19:30";http://garageplus.ru/
77volvo.ru;Москва, улица Гастелло;+7 (495) 292-31-70;ежедневно, 09:00–21:00;https://77volvo.ru/
ТехРеал;ул. Буракова, 12, стр. 2;+7 (495) 366-85-65, +7 (495) 005-13-46, +7 (915) 123-62-58;ежедневно, 08:00–20:00;http://texreal.ru/
Риф-Авто;Осенняя ул., 17, корп. 2, Москва;+7 (495) 157-46-17, +7 (916) 688-29-47;ежедневно, 10:00–20:00;https://www.rif-auto.ru/
ТурбоОСТ;Гаражная ул., 4, Москва;+7 (925) 518-26-54, +7 (905) 730-75-88, +7 (495) 740-37-89;"пн-пт 08:00–19:00; сб 09:00–16:00";https://www.turboost.ru/remont-turbin
ИП Ермолаев Павел Владимирович;ул. Алабяна, 7, Москва;+7 (915) 237-19-26;ежедневно, круглосуточно;https://evromobilservis.clients.site/
ИП Гордеев Сергей Борисович;ул. Толбухина, 3 к2, Москва;+7 (919) 992-94-14;ежедневно, круглосуточно;
Яуза Моторс;Электродная ул., 14, стр. 1, Москва;+7 (499) 283-04-93;ежедневно, 09:00–21:00;https://www.yauzamotors.ru/
Айрон-лист;ул. Ивана Франко, 4, корп. 16, Москва;+7 (916) 202-97-92;пн-сб 10:00–19:00;http://auto-iron.ru/
Автолайт;Марксистская ул., 34, стр. 7, Москва;+7 (901) 257-49-53;"пн-сб 09:00–21:00; вс 09:00–20:00";http://www.autolight.ru/
Remzo;Загородное ш., 1, корп. 2, Москва;+7 (495) 236-77-03, +7 (495) 776-14-09, +7 (916) 565-94-30;"пн-пт 09:00–19:00; сб,вс 10:00–18:00";https://remzo.wmsite.ru/
Яуза Моторс;Михайловский пр., 1, стр. 3;+7 (499) 283-04-85;ежедневно, 09:00–21:00;https://www.yauzamotors.ru/
Аида;4-я Кабельная ул., 2, корп. 2, Москва;+7 (499) 938-76-93, +7 (495) 361-31-58, +7 (495) 361-32-92;"пн-сб 09:00–20:00; вс 10:00–20:00";https://aida-auto.ru/
БомбаКар;3-й Красносельский пер., 9А;+7 (499) 264-04-60, +7 (985) 369-06-08;пн-пт 10:00–20:00;http://bombacar.ru/
Доминант;Западная ул., 16А, промзона Технопарк, рабочий посёлок Горки Ленинские;8 (800) 300-68-29, +7 (495) 374-98-88, +7 (958) 830-80-83, +7 (926) 473-23-36;пн-пт 09:00–18:00;https://dominantt.ru/
ИП Мамедов Тимур Аловсатович;ул. Алабяна, 25/37, Москва;+7 (915) 237-05-23;ежедневно, 09:00-23:30;
Viktorymotor;Москва, Южный административный округ, район Чертаново Северное, микрорайон Северное Чертаново, 2, корп. 206;+7 (901) 147-90-38, +7 (966) 009-31-79;ежедневно, 09:00–21:00;
Плеяда;2-я Кабельная ул., 2, стр. 30, Москва;+7 (495) 638-52-25, +7 (495) 638-55-44;ежедневно, 09:00–21:00;http://tc-pleyada.ru/
АВ авто;Славянский бул., 7, корп. 2, стр. 2, Москва;+7 (985) 625-23-15;ежедневно, 09:00–20:00;https://av-avto.net/
Savamotor;1-й Магистральный тупик, 5, стр. 2, Москва;+7 (495) 978-68-61, +7 (985) 151-61-81;"пн-пт 10:00–19:00; сб 11:00–16:00";http://www.savamotor.ru/
Meks.ru;Авиамоторная ул., 63, стр. 1, Москва;+7 (495) 766-35-12;вт-сб 11:00–20:00;https://meks.ru/
Фирс;Волоколамское ш., 65А, стр. 3;+7 (495) 106-20-16, +7 (906) 182-82-88;ежедневно, 10:00–20:00;https://firs.su/
ИП Пронин Константин Андреевич;Сиреневый б-р, 4а, Москва;+7 (919) 996-97-20;ежедневно, круглосуточно;
Карклиник;ул. Плеханова, 10, Москва;+7 (985) 231-61-82;ежедневно, 10:00–00:00;https://carclinic.ru/
Джапандрайв;Жуков пр., 19, Москва;+7 (901) 147-85-04, +7 (925) 771-07-93;пн-сб 09:00–19:00;https://avtoglobus-zhukov-proezd.clients.site/
Шинсервис;ш. Энтузиастов, 56, стр. 44, Москва;+7 (495) 152-73-42;"пн-пт 09:00–21:00; сб,вс 09:00–20:00";https://www.shinservice.ru/
Заботливый сервис;Федоскинская ул., 12 с1, Москва, Россия, 129337;+7 (495) 567-11-84;ежедневно, 09:00-21:00;https://ctozs.ru/
Автотрейд;Кетчерская ул., 13, Москва;+7 (495) 642-79-00, 8 (800) 555-54-15;ежедневно, 09:00–19:00;https://www.autosteklo.ru/
ИП Кожевников Алексей Сергеевич;ул. Героев Панфиловцев, 39 корпус 1, Москва;+7 (919) 996-97-98;ежедневно, круглосуточно;
Импульс;Нижняя ул., 16, стр. 2, район Беговой, Северный административный округ;+7 (495) 945-19-91, +7 (495) 945-18-68, +7 (495) 961-96-33;пн-сб 09:00–19:00;http://rf.ru/
Cvt - Master;Стахановская ул., 25, стр. 3, Москва;+7 (977) 090-49-14;"пн-сб 09:00–19:00; вс 10:00–15:00";https://cvt-master.com/remont-cvt/
Колесо-24;Московская область, городской округ Красногорск, Пятницкое шоссе, 6-й километр, с9;+7 (926) 108-49-58;ежедневно, 09:00–23:30;http://шиномонтаж-митино.рф/
ДИС Моторс;П. Воскресенское, 69с2, Москва, Россия, 142791;+7 (966) 335-33-38;сб 11:00-20:00;https://dismotors.ru/
Детали в цвет;Большая Черкизовская ул., 24А, стр. 3, Москва;+7 (901) 901-25-75;пн-сб 10:00–20:00;https://detali-v-cvet.ru/
Перово;Кетчерская ул., 13, Москва;+7 (917) 550-04-68;ежедневно, 08:00–20:00, перерывы 12:00–13:00, 18:00–19:00;http://perovosto.ru/
ИП Мотлаков Алексей Егорович;Карамышевская наб., 28 корпус 1, Москва;+7 (916) 490-92-83;ежедневно, круглосуточно;
Автобам;ул. Твардовского, 8, корп. 5, Москва;+7 (495) 215-27-19, +7 (495) 255-02-85;ежедневно, 09:00–21:00;https://www.avtobam.ru/
MasterHof;Остаповский пр., 12, стр. 1, Москва;+7 (495) 729-29-48, +7 (903) 729-29-48;пн-сб 10:00–20:00;http://www.masterhof.ru/
Автотехцентр Фольксваген;Нагатинская ул., 16, корп. 1, стр. 5;+7 (495) 169-36-06;ежедневно, 08:00–21:00;https://nemdomservice.ru/
Народ-авто;МКАД, 53-й километр, 6;+7 (495) 720-23-24, +7 (495) 508-05-77, +7 (903) 508-05-77, +7 (909) 620-00-00, +7 (926) 576-31-90;ежедневно, 09:00–20:00;http://avtoservis.narod-avto.ru/
Пункт технического осмотра;Новохохловская ул., 12, стр. 6, Москва;+7 (495) 721-25-03;пн-пт 09:00–19:00;http://техосмотр-в-москве.рф/
Легион Авто;Варшавское ш., 170Г;+7 (495) 517-34-00;ежедневно, 09:00–21:00;http://www.legion-auto.pro/
Авто-Драйв;Днепропетровский пр., 7, Москва;+7 (495) 255-26-07, +7 (495) 125-11-38, +7 (495) 255-09-84;ежедневно, 10:00–21:00;https://autoservice-drive.ru/
Avl;Новомосковская ул., 1Ж;+7 (495) 532-43-31, +7 (925) 458-25-86;пн-пт 12:00–20:00;http://centeravtolab.ru/
АвтоКарат;2-й Силикатный пр., 34, стр. 1, Москва;+7 (499) 110-70-75;ежедневно, 09:00–21:00;https://autokarat.ru/
Авторусь;Севастопольский просп., 56А;+7 (495) 276-15-21;ежедневно, 09:00–22:00;https://www.autorus.ru/
Бикард;ул. Плеханова, 10А, стр. 2, Москва;+7 (495) 778-04-68, +7 (495) 973-08-68, +7 (495) 973-18-28, +7 (495) 981-81-27;ежедневно, 10:00–20:00;http://www.chryslerclub.ru/
Авто-игл;Краснобогатырская ул., 89, стр. 1;+7 (495) 275-23-79;ежедневно, 08:30–21:00;https://avto-igl.obiz.ru/
Ремавтоснаб;2-й Грайвороновский пр., 32А, стр. 1, Москва;+7 (495) 776-38-77, +7 (916) 480-66-26, +7 (903) 196-97-98, +7 (495) 799-70-71;"пн-пт 09:00–21:00; сб,вс 10:00–18:00";https://remavtosnab.clients.site/
Роснефть;Рязанский просп., 26, корп. 2;8 (800) 775-75-88, 8 (800) 200-10-70;ежедневно, круглосуточно;https://www.rosneft-azs.ru/
Авто;Дмитровское ш., 64, корп. 6, Москва;+7 (499) 400-20-05, +7 (499) 400-20-06, +7 (985) 934-86-10;ежедневно, 08:00–20:00;https://www.tempavto.ru/
Autostudio.ru;ул. Перерва, 19, стр. 3, Москва;+7 (495) 722-65-97, +7 (495) 960-80-07;ежедневно, 09:00–21:00;http://autostudio.ru/
Аояма Моторс;Домостроительная ул., 4, стр. 1, Москва;+7 (495) 363-43-33;ежедневно, 08:00–21:00;https://service.aoyama.ru/
Автогур;Тушинская ул., 24, Москва;+7 (495) 972-39-95, +7 (901) 546-39-95, +7 (495) 144-95-49;ежедневно, 09:00–20:00;http://autogur.ru/
ТойЛекс;Гаражная ул., 4, Москва;+7 (965) 230-12-74, +7 (926) 000-30-40;ежедневно, 09:00–19:00;https://toylex77.ru/
Смит Техникс;Перовская ул., 1, стр. 10, Москва;+7 (495) 726-59-96, +7 (903) 565-97-18;"пн-пт 09:00–21:00; сб,вс 09:00–18:00";http://smith-technics.ru/
Вельт-Авто;1-й Митинский пер., вл3с1;+7 (495) 777-88-62, +7 (977) 641-73-38, +7 (495) 725-66-73;ежедневно, 09:00–21:00;https://welt-auto.ru/
Автокип;Волгоградский просп., 32, корп. 11, Москва;+7 (495) 278-08-05;ежедневно, 09:00–21:00;https://autokip.ru/
Lr.ru;Дорогобужская ул., 14, стр. 17, Москва;+7 (495) 649-60-60;ежедневно, 09:00–21:00;https://lr.ru/
Аквасити;Волгоградский просп., 37А, Москва;+7 (495) 287-00-07, +7 (909) 999-55-51, +7 (963) 750-70-75;ежедневно, 08:00–22:00;http://www.akvacity.ru/
Автосан;пр. Серебрякова, 2, корп. 1, Москва;+7 (915) 115-29-99;ежедневно, 10:00–19:00;http://avtosan.ru/
Токио Сервис;Научный пр., 14А, стр. 5, Москва;+7 (499) 288-05-37;ежедневно, 08:00–22:00;https://www.tokyogarage.ru/
Иванор;Флотская ул., 5, корп. 2, Москва;+7 (495) 927-59-35;"пн-пт 09:00–21:00; сб,вс 10:00–18:00";https://msk.ivanor.ru/
Мв95;Староватутинский пр., 5, стр. 3;+7 (901) 553-11-22, +7 (963) 976-03-11, +7 (916) 025-04-04;ежедневно, 10:00–21:00;http://avtoremont-gm.ru/
Яуза Моторс;Волоцкой пер., 7, Москва;+7 (499) 283-04-87;ежедневно, 09:00–21:00;https://www.yauzamotors.ru/
Спецавтоцентр ГлавУпДК при МИД России;Киевская ул., 8, Москва;+7 (499) 558-36-98, +7 (499) 766-17-77, +7 (499) 240-55-74;ежедневно, 09:00–21:00;https://sac.ru/
Шинсервис;Южнопортовая ул., 7, стр. 21, Москва;+7 (495) 152-73-42;"пн-пт 09:00–21:00; сб,вс 09:00–20:00";https://www.shinservice.ru/
Агранд;Огородный пр., 2А, Москва;+7 (495) 120-44-16;"пн-сб 09:00–21:00; вс 09:00–20:00";http://servis-agrand.ru/
Мой Сам 24;ул. Толбухина, 10, корп. 4;+7 (966) 090-01-87, +7 (495) 648-53-26, +7 (925) 325-21-65, +7 (964) 648-53-26;ежедневно, 06:00–02:00;http://www.gsavto.ru/
Шэнли моторс;ш. Энтузиастов, 12А, Москва;+7 (495) 918-16-14;ежедневно, 09:00–21:00;http://www.shenli.ru/
Витанд-Сервис;Ярославское ш., 1, стр. 6, Москва;+7 (495) 778-84-84, +7 (495) 778-18-97;пн-сб 09:00–21:00;https://vitand-avtoservis.ru/
Hybrids;ул. Садовники, 11, корп. 2, стр. 20, Москва;+7 (495) 789-77-86, +7 (965) 227-56-19, +7 (965) 227-61-82;"пн-пт 10:00–20:00; сб,вс 10:00–18:00";https://hybrids.ru/
МБРУС;МКАД, 84-й километр, вл5с9, Москва;+7 (495) 127-93-21, +7 (495) 153-10-38, +7 (495) 846-65-74;ежедневно, 08:00–21:00;http://mbr.ru/
Катана;2-й Грайвороновский пр., 40, стр. 1, Москва;+7 (963) 782-24-18, +7 (963) 782-24-17, +7 (925) 508-76-74, +7 (495) 789-90-54, +7 (925) 005-60-38;пн-пт 10:00–20:00;http://katana-suzuki.ru/
Стилберг-авто;ул. Героев Панфиловцев, 26, Москва;+7 (495) 172-22-38;ежедневно, 08:00–21:00;https://stilberg.ru/planernaya
Мейн Моторс;1-й Институтский пр., 3, стр. 8, Москва;+7 (495) 585-99-11, +7 (499) 174-84-84, +7 (925) 585-99-11, +7 (967) 008-98-98;ежедневно, 10:00–19:00;http://sto177.ru/
Ваш Автосервис;3-й Угрешский пр., 8А, стр. 1, Москва;+7 (985) 741-98-42;ежедневно, 07:00–23:00;http://um-servis.ru/
SRV-Motors;ул. Дмитрия Ульянова, 44, стр. 7;+7 (495) 641-66-84;ежедневно, 10:00–21:00;https://srv-motors.clients.site/
Гараж Ниссан, Инфинити;ул. Тёплый Стан, 15, стр. 1, Москва;+7 (495) 104-77-12;"пн-пт 09:00–21:00; сб,вс 10:00–21:00";https://www.nissan-nissan.ru/
Авто-партнёр-М;4-й Рощинский пр., 19, стр. 4;+7 (495) 958-58-01, +7 (495) 782-49-23;ежедневно, 10:00–21:00;https://autopartner-m.ru/
Мв-Авто;ул. Войкова, 6, стр. 19;+7 (495) 988-32-02, +7 (925) 831-37-77;ежедневно, 09:00–19:00;http://www.mv-auto.ru/
ДжапАвто;ул. Цюрупы, 1, стр. 19, Москва;+7 (495) 772-40-98, +7 (495) 761-95-78;"пн-сб 09:00–19:00; вс 10:00–17:00";https://taplink.cc/japauto.ru
Илотана;Мосфильмовская ул., 80А, Москва;+7 (977) 929-90-23, +7 (499) 143-28-43, +7 (499) 147-15-00;ежедневно, 09:00–20:00;http://www.ilotana.ru/
АвтоГенераторыСтартеры;Сигнальный пр., 18, Москва;+7 (499) 322-47-02;"пн-пт 09:00–19:00; сб,вс 10:00–18:00";https://www.agscenter.ru/contacts/vladykino/
АвтоКомМаркет;Строительный пр., 2, стр. 1, Москва;+7 (495) 782-56-67, +7 (916) 787-56-67, +7 (926) 787-56-67;ежедневно, 09:00–19:00;https://www.autocommarket.ru/
Apex.ru;Коптевская ул., 16, корп. 2;+7 (499) 455-01-58, 8 (800) 555-79-68, +7 (495) 450-71-78, +7 (495) 150-18-88, +7 (495) 150-05-88, +7 (499) 444-03-69, +7 (925) 771-25-66;ежедневно, 08:00–23:00;http://apex.ru/
Франс-Авто;Талдомская ул., 2Б, Москва;+7 (925) 355-55-68, +7 (925) 755-55-68, +7 (962) 944-34-45;"пн-пт 09:00–19:00; сб 09:00–16:00";http://franceato.ru/
Роснефть;ул. Айвазовского, 2А, стр. 1, Москва;8 (800) 775-75-88, +7 (925) 902-08-30;ежедневно, круглосуточно;https://www.rosneft-azs.ru/
Ротекс;Дубининская ул., 70, Москва;+7 (495) 225-30-35;"пн-сб 09:00–21:00; вс 09:00–20:45";https://www.roteks.ru/
Рейспорт;1-я Магистральная ул., 29, стр. 1, Москва;+7 (495) 741-72-82, +7 (499) 281-85-76;"пн-пт 10:00–21:00; сб,вс 11:00–20:00";http://raceport.ru/
Позиция 2000;Днепропетровский пр., 5, стр. 1, Москва;+7 (903) 764-91-75, +7 (925) 506-44-86, +7 (495) 381-21-87;"пн-пт 10:00–20:00; сб 10:00–17:00";http://www.mercedes-service.ru/
Цезарь Ротари;ул. Адмирала Макарова, 2, стр. 26;+7 (926) 555-05-00;пн-сб 10:00–18:00;http://www.caesar-rotary.ru/
АвтоВито;Южнопортовая ул., 15, стр. 23А, Москва;+7 (495) 662-66-61, +7 (495) 739-75-65;ежедневно, 09:00–20:00;https://avtovito-moscow.ru/
Лорант;Кольская ул., 14, стр. 4, Москва;+7 (495) 669-59-69;ежедневно, 09:00–21:00;https://lorant.ru/
Svc Car Servis;ул. Милашенкова, 4Б, Москва;+7 (916) 984-48-49;ежедневно, 10:00–20:00;http://svccar.ru/
Юнион Моторс;Широкая ул., 28;+7 (495) 221-75-55;"пн-пт 07:00–21:00; сб,вс 08:00–21:00";http://hyundai.union-motors.ru/
Автотрейд;ул. Сергея Эйзенштейна, 1, Москва;+7 (495) 642-79-00, 8 (800) 555-54-15;ежедневно, 09:00–19:00;https://www.autosteklo.ru/
Skr-auto;Дмитровское ш., 71, корп. 3, стр. 2, Москва;+7 (495) 663-71-26;ежедневно, 10:00–21:00;http://skr-auto.ru/
Авторусь;Митинская ул., 32;+7 (495) 276-15-21;ежедневно, 09:00–22:00;https://www.autorus.ru/
СниваАвтоМБ;Сигнальный пр., 19, Москва;+7 (495) 787-78-68, +7 (499) 201-23-57, +7 (916) 044-97-01;пн-сб 10:00–20:00;http://sniva.ru/
Сд-моторс;ул. Дмитрия Ульянова, 31, стр. 2;+7 (495) 779-78-14, +7 (499) 126-41-41, +7 (495) 779-79-84;ежедневно, 10:00–21:00;http://sd-motors.ru/
